sample_id,run,source_id,source_dataset,source_split,answer_origin,model,question,context,reference_answers,sample_index,response_text,semantic_cluster,cluster_assignment_entropy,predictive_entropy,prompt_token_count,final_prompt_token_index,prompt_was_truncated,mean_token_logprob,sequence_logprob,token_count
preflight--56e200e4cd28a01900c67c18--sample-00,preflight,56e200e4cd28a01900c67c18,squad_v2,validation,sampled_model_generation,Qwen/Qwen2.5-0.5B-Instruct,In the most basic sense what did a Turing machine emulate?,"Before the actual research explicitly devoted to the complexity of algorithmic problems started off, numerous foundations were laid out by various researchers. Most influential among these was the definition of Turing machines by Alan Turing in 1936, which turned out to be a very robust and flexible simplification of a computer.","a computer
a computer
a computer",0,A Turing machine emulates other algorithms.,0,1.0986122886681096,1.8819465176202357,103,102,,-1.168123869516421,-9.344990956131369,8
preflight--56e200e4cd28a01900c67c18--sample-01,preflight,56e200e4cd28a01900c67c18,squad_v2,validation,sampled_model_generation,Qwen/Qwen2.5-0.5B-Instruct,In the most basic sense what did a Turing machine emulate?,"Before the actual research explicitly devoted to the complexity of algorithmic problems started off, numerous foundations were laid out by various researchers. Most influential among these was the definition of Turing machines by Alan Turing in 1936, which turned out to be a very robust and flexible simplification of a computer.","a computer
a computer
a computer",1,A Turing machine emulates all equations.,1,1.0986122886681096,1.8819465176202357,103,102,,-2.074819548346568,-16.598556386772543,8
preflight--56e200e4cd28a01900c67c18--sample-02,preflight,56e200e4cd28a01900c67c18,squad_v2,validation,sampled_model_generation,Qwen/Qwen2.5-0.5B-Instruct,In the most basic sense what did a Turing machine emulate?,"Before the actual research explicitly devoted to the complexity of algorithmic problems started off, numerous foundations were laid out by various researchers. Most influential among these was the definition of Turing machines by Alan Turing in 1936, which turned out to be a very robust and flexible simplification of a computer.","a computer
a computer
a computer",2,A Turing machine emulates any process requiring an impracticably,2,1.0986122886681096,1.8819465176202357,103,102,,-2.402896134997718,-28.834753619972616,12
preflight--5733a45d4776f41900660f26--sample-00,preflight,5733a45d4776f41900660f26,squad_v2,validation,sampled_model_generation,Qwen/Qwen2.5-0.5B-Instruct,When is the oldest armed seal of Warsaw from?,"The mermaid (syrenka) is Warsaw's symbol and can be found on statues throughout the city and on the city's coat of arms. This imagery has been in use since at least the mid-14th century. The oldest existing armed seal of Warsaw is from the year 1390, consisting of a round seal bordered with the Latin inscription Sigilium Civitatis Varsoviensis (Seal of the city of Warsaw). City records as far back as 1609 document the use of a crude form of a sea monster with a female upper body and holding a sword in its claws. In 1653 the poet Zygmunt Laukowski asks the question:","1390
1390
1390",0,1390,0,1.0986122886681096,0.8195295338939306,185,184,,-1.23134020974976,-4.92536083899904,4
preflight--5733a45d4776f41900660f26--sample-01,preflight,5733a45d4776f41900660f26,squad_v2,validation,sampled_model_generation,Qwen/Qwen2.5-0.5B-Instruct,When is the oldest armed seal of Warsaw from?,"The mermaid (syrenka) is Warsaw's symbol and can be found on statues throughout the city and on the city's coat of arms. This imagery has been in use since at least the mid-14th century. The oldest existing armed seal of Warsaw is from the year 1390, consisting of a round seal bordered with the Latin inscription Sigilium Civitatis Varsoviensis (Seal of the city of Warsaw). City records as far back as 1609 document the use of a crude form of a sea monster with a female upper body and holding a sword in its claws. In 1653 the poet Zygmunt Laukowski asks the question:","1390
1390
1390",1,The oldest Armed Seal of Warsaw is from the year 1,1,1.0986122886681096,0.8195295338939306,185,184,,-0.5698404936993029,-6.838085924391635,12
preflight--5733a45d4776f41900660f26--sample-02,preflight,5733a45d4776f41900660f26,squad_v2,validation,sampled_model_generation,Qwen/Qwen2.5-0.5B-Instruct,When is the oldest armed seal of Warsaw from?,"The mermaid (syrenka) is Warsaw's symbol and can be found on statues throughout the city and on the city's coat of arms. This imagery has been in use since at least the mid-14th century. The oldest existing armed seal of Warsaw is from the year 1390, consisting of a round seal bordered with the Latin inscription Sigilium Civitatis Varsoviensis (Seal of the city of Warsaw). City records as far back as 1609 document the use of a crude form of a sea monster with a female upper body and holding a sword in its claws. In 1653 the poet Zygmunt Laukowski asks the question:","1390
1390
1390",2,The oldest armed seal of Warsaw dates back to the early,2,1.0986122886681096,0.8195295338939306,185,184,,-0.6574078982327288,-7.888894778792746,12
preflight--5706111a52bb89140068984f--sample-00,preflight,5706111a52bb89140068984f,squad_v2,validation,sampled_model_generation,Qwen/Qwen2.5-0.5B-Instruct,"A single line connects San Bernardino, Riverside and what other county?","Six of the seven lines of the commuter rail system, Metrolink, run out of Downtown Los Angeles, connecting Los Angeles, Ventura, San Bernardino, Riverside, Orange, and San Diego counties with the other line connecting San Bernardino, Riverside, and Orange counties directly.","Orange
Orange
Orange",0,It is not specified in the context or question.,0,1.0986122886681096,2.1114738579839467,97,96,,-2.202880271524191,-22.02880271524191,10
preflight--5706111a52bb89140068984f--sample-01,preflight,5706111a52bb89140068984f,squad_v2,validation,sampled_model_generation,Qwen/Qwen2.5-0.5B-Instruct,"A single line connects San Bernardino, Riverside and what other county?","Six of the seven lines of the commuter rail system, Metrolink, run out of Downtown Los Angeles, connecting Los Angeles, Ventura, San Bernardino, Riverside, Orange, and San Diego counties with the other line connecting San Bernardino, Riverside, and Orange counties directly.","Orange
Orange
Orange",1,San Diego. The six lines running through Downtown LA connect to,1,1.0986122886681096,2.1114738579839467,97,96,,-1.6722857183776796,-20.067428620532155,12
preflight--5706111a52bb89140068984f--sample-02,preflight,5706111a52bb89140068984f,squad_v2,validation,sampled_model_generation,Qwen/Qwen2.5-0.5B-Instruct,"A single line connects San Bernardino, Riverside and what other county?","Six of the seven lines of the commuter rail system, Metrolink, run out of Downtown Los Angeles, connecting Los Angeles, Ventura, San Bernardino, Riverside, Orange, and San Diego counties with the other line connecting San Bernardino, Riverside, and Orange counties directly.","Orange
Orange
Orange",2,San Diego COUNTY.,2,1.0986122886681096,2.1114738579839467,97,96,,-2.45925558404997,-9.83702233619988,4
preflight--57287b4a4b864d1900164a2c--sample-00,preflight,57287b4a4b864d1900164a2c,squad_v2,validation,sampled_model_generation,Qwen/Qwen2.5-0.5B-Instruct,How did some suspect that Polo learned about China instead of by actually visiting it?,"The first recorded travels by Europeans to China and back date from this time. The most famous traveler of the period was the Venetian Marco Polo, whose account of his trip to ""Cambaluc,"" the capital of the Great Khan, and of life there astounded the people of Europe. The account of his travels, Il milione (or, The Million, known in English as the Travels of Marco Polo), appeared about the year 1299. Some argue over the accuracy of Marco Polo's accounts due to the lack of mentioning the Great Wall of China, tea houses, which would have been a prominent sight since Europeans had yet to adopt a tea culture, as well the practice of foot binding by the women in capital of the Great Khan. Some suggest that Marco Polo acquired much of his knowledge through contact with Persian traders since many of the places he named were in Persian.","through contact with Persian traders
through contact with Persian traders
through contact with Persian traders",0,Some scholars suggested that Marco Polo gathered almost exclusively information on Chinese,0,1.0986122886681096,2.8696718128420695,226,225,,-2.179971037810901,-26.159652453730814,12
preflight--57287b4a4b864d1900164a2c--sample-01,preflight,57287b4a4b864d1900164a2c,squad_v2,validation,sampled_model_generation,Qwen/Qwen2.5-0.5B-Instruct,How did some suspect that Polo learned about China instead of by actually visiting it?,"The first recorded travels by Europeans to China and back date from this time. The most famous traveler of the period was the Venetian Marco Polo, whose account of his trip to ""Cambaluc,"" the capital of the Great Khan, and of life there astounded the people of Europe. The account of his travels, Il milione (or, The Million, known in English as the Travels of Marco Polo), appeared about the year 1299. Some argue over the accuracy of Marco Polo's accounts due to the lack of mentioning the Great Wall of China, tea houses, which would have been a prominent sight since Europeans had yet to adopt a tea culture, as well the practice of foot binding by the women in capital of the Great Khan. Some suggest that Marco Polo acquired much of his knowledge through contact with Persian traders since many of the places he named were in Persian.","through contact with Persian traders
through contact with Persian traders
through contact with Persian traders",1,The people suspected schooling brought them rather than actual visitation gained,1,1.0986122886681096,2.8696718128420695,226,225,,-3.6978212481286996,-44.3738549775444,12
preflight--57287b4a4b864d1900164a2c--sample-02,preflight,57287b4a4b864d1900164a2c,squad_v2,validation,sampled_model_generation,Qwen/Qwen2.5-0.5B-Instruct,How did some suspect that Polo learned about China instead of by actually visiting it?,"The first recorded travels by Europeans to China and back date from this time. The most famous traveler of the period was the Venetian Marco Polo, whose account of his trip to ""Cambaluc,"" the capital of the Great Khan, and of life there astounded the people of Europe. The account of his travels, Il milione (or, The Million, known in English as the Travels of Marco Polo), appeared about the year 1299. Some argue over the accuracy of Marco Polo's accounts due to the lack of mentioning the Great Wall of China, tea houses, which would have been a prominent sight since Europeans had yet to adopt a tea culture, as well the practice of foot binding by the women in capital of the Great Khan. Some suggest that Marco Polo acquired much of his knowledge through contact with Persian traders since many of the places he named were in Persian.","through contact with Persian traders
through contact with Persian traders
through contact with Persian traders",2,The followers or connoisseurs of the story were suspicious,2,1.0986122886681096,2.8696718128420695,226,225,,-2.731223152586608,-32.7746778310393,12
preflight--571156152419e3140095559c--sample-00,preflight,571156152419e3140095559c,squad_v2,validation,sampled_model_generation,Qwen/Qwen2.5-0.5B-Instruct,Who invented the notion of a steam engine's duty?,"The historical measure of a steam engine's energy efficiency was its ""duty"". The concept of duty was first introduced by Watt in order to illustrate how much more efficient his engines were over the earlier Newcomen designs. Duty is the number of foot-pounds of work delivered by burning one bushel (94 pounds) of coal. The best examples of Newcomen designs had a duty of about 7 million, but most were closer to 5 million. Watt's original low-pressure designs were able to deliver duty as high as 25 million, but averaged about 17. This was a three-fold improvement over the average Newcomen design. Early Watt engines equipped with high-pressure steam improved this to 65 million.","Watt
Watt
Watt",0,Watt invented the notion of a steam engine's duty.,0,0.6365141682948128,0.16624431513062318,191,190,,-0.06521898007000952,-0.7826277608401142,12
preflight--571156152419e3140095559c--sample-01,preflight,571156152419e3140095559c,squad_v2,validation,sampled_model_generation,Qwen/Qwen2.5-0.5B-Instruct,Who invented the notion of a steam engine's duty?,"The historical measure of a steam engine's energy efficiency was its ""duty"". The concept of duty was first introduced by Watt in order to illustrate how much more efficient his engines were over the earlier Newcomen designs. Duty is the number of foot-pounds of work delivered by burning one bushel (94 pounds) of coal. The best examples of Newcomen designs had a duty of about 7 million, but most were closer to 5 million. Watt's original low-pressure designs were able to deliver duty as high as 25 million, but averaged about 17. This was a three-fold improvement over the average Newcomen design. Early Watt engines equipped with high-pressure steam improved this to 65 million.","Watt
Watt
Watt",1,The inventor of the notion of a steam engine's duty was,1,0.6365141682948128,0.16624431513062318,191,190,,-0.36829498525185045,-4.419539823022205,12
preflight--571156152419e3140095559c--sample-02,preflight,571156152419e3140095559c,squad_v2,validation,sampled_model_generation,Qwen/Qwen2.5-0.5B-Instruct,Who invented the notion of a steam engine's duty?,"The historical measure of a steam engine's energy efficiency was its ""duty"". The concept of duty was first introduced by Watt in order to illustrate how much more efficient his engines were over the earlier Newcomen designs. Duty is the number of foot-pounds of work delivered by burning one bushel (94 pounds) of coal. The best examples of Newcomen designs had a duty of about 7 million, but most were closer to 5 million. Watt's original low-pressure designs were able to deliver duty as high as 25 million, but averaged about 17. This was a three-fold improvement over the average Newcomen design. Early Watt engines equipped with high-pressure steam improved this to 65 million.","Watt
Watt
Watt",2,Watt invented the notion of a steam engine's duty.,0,0.6365141682948128,0.16624431513062318,191,190,,-0.06521898007000952,-0.7826277608401142,12
