context,correct_answer,domain,incorrect_answer,phase_a,phase_a_split,phase_b_split,question,source_id,split_seed,original_source,original_benchmark_split,verification_audit,verification_dataset,verification_evidence,verification_explanation,verification_ground_truth_scope,verification_method,verification_original_question,verification_original_source_id,verification_phase_a_individually_reviewed,verification_expected_value,verification_incorrect_value,verification_operation,subject,verification_answer_index,verification_correct_raw_option,verification_incorrect_raw_option,verification_mapping,verification_parquet_sha256,verification_revision,verification_row_index,verification_subject,verification_wrong_index
"Kublai readied the move of the Mongol capital from Karakorum in Mongolia to Khanbaliq in 1264, constructing a new city near the former Jurchen capital Zhongdu, now modern Beijing, in 1266. In 1271, Kublai formally claimed the Mandate of Heaven and declared that 1272 was the first year of the Great Yuan (Chinese: 大元) in the style of a traditional Chinese dynasty. The name of the dynasty originated from the I Ching and describes the ""origin of the universe"" or a ""primal force"". Kublai proclaimed Khanbaliq the ""Great Capital"" or Daidu (Dadu, Chinese: 大都 in Chinese) of the dynasty. The era name was changed to Zhiyuan to herald a new era of Chinese history. The adoption of a dynastic name legitimized Mongol rule by integrating the government into the narrative of traditional Chinese political succession. Khublai evoked his public image as a sage emperor by following the rituals of Confucian propriety and ancestor veneration, while simultaneously retaining his roots as a leader from the steppes.",Karakorum,factual_qa,Samarkand,True,validation,train,"According to the passage, where had the Mongol capital been before Kublai moved it?",factual_qa-000,20261007,squad_v2,validation,research_agent_reviewed,squad_v2,"Kublai readied the move of the Mongol capital from Karakorum in Mongolia to Khanbaliq in 1264, constructing a new city near the former Jurchen capital Zhongdu, now modern Beijing, in 1266.","The passage names Karakorum, a different city.",provided_passage,cached_squad_reference_and_passage,Where had the Mongol capital been before Kublai moved it?,57286b003acd2414000df9c1,True,,,,,,,,,,,,,
"From 2005 to 2014, there were two Major League Soccer teams in Los Angeles — the LA Galaxy and Chivas USA — that both played at the StubHub Center and were local rivals. However, Chivas were suspended following the 2014 MLS season, with a second MLS team scheduled to return in 2018.",2014,factual_qa,2012,True,train,train,"According to the passage, following which MLS season was Chivas USA suspended?",factual_qa-001,20261007,squad_v2,validation,research_agent_reviewed,squad_v2,"From 2005 to 2014, there were two Major League Soccer teams in Los Angeles — the LA Galaxy and Chivas USA — that both played at the StubHub Center and were local rivals.","Chivas were suspended following2014, not2012.",provided_passage,cached_squad_reference_and_passage,Which year resulted in the suspension of one of the two soccer teams?,5706149552bb891400689882,True,,,,,,,,,,,,,
"During this time, the discovery of oil in the North Sea and the following ""It's Scotland's oil"" campaign of the Scottish National Party (SNP) resulted in rising support for Scottish independence, as well as the SNP. The party argued that the revenues from the oil were not benefitting Scotland as much as they should. The combined effect of these events led to Prime Minister Wilson committing his government to some form of devolved legislature in 1974. However, it was not until 1978 that final legislative proposals for a Scottish Assembly were passed by the United Kingdom Parliament.",1974,factual_qa,1972,True,validation,train,"According to the passage, when did Prime Minister Wilson commit to some form of devolved legislature?",factual_qa-002,20261007,squad_v2,validation,research_agent_reviewed,squad_v2,The combined effect of these events led to Prime Minister Wilson committing his government to some form of devolved legislature in 1974.,"Wilson's commitment is dated1974, not1972.",provided_passage,cached_squad_reference_and_passage,When did Prime Minister Wilson commit to some form of devolved legislature?,572fad30a23a5019007fc870,True,,,,,,,,,,,,,
"French Huguenots made two attempts to establish a haven in North America. In 1562, naval officer Jean Ribault led an expedition that explored Florida and the present-day Southeastern U.S., and founded the outpost of Charlesfort on Parris Island, South Carolina. The Wars of Religion precluded a return voyage, and the outpost was abandoned. In 1564, Ribault's former lieutenant René Goulaine de Laudonnière launched a second voyage to build a colony; he established Fort Caroline in what is now Jacksonville, Florida. War at home again precluded a resupply mission, and the colony struggled. In 1565 the Spanish decided to enforce their claim to La Florida, and sent Pedro Menéndez de Avilés, who established the settlement of St. Augustine near Fort Caroline. Menéndez' forces routed the French and executed most of the Protestant captives.",Charlesfort,factual_qa,Jamestown,True,test,train,"According to the passage, what was the name of the first Huguenot outpost in South Carolina?",factual_qa-003,20261007,squad_v2,validation,research_agent_reviewed,squad_v2,"In 1562, naval officer Jean Ribault led an expedition that explored Florida and the present-day Southeastern U.S., and founded the outpost of Charlesfort on Parris Island, South Carolina.",Charlesfort is the named first South Carolina outpost.,provided_passage,cached_squad_reference_and_passage,What was the name of the first Huguenot outpost in South Carolina?,5710eb6fb654c5140001fa17,True,,,,,,,,,,,,,
"To help reduce consumption, in 1974 a national maximum speed limit of 55 mph (about 88 km/h) was imposed through the Emergency Highway Energy Conservation Act. Development of the Strategic Petroleum Reserve began in 1975, and in 1977 the cabinet-level Department of Energy was created, followed by the National Energy Act of 1978.[citation needed] On November 28, 1995, Bill Clinton signed the National Highway Designation Act, ending the federal 55 mph (89 km/h) speed limit, allowing states to restore their prior maximum speed limit.",Emergency Highway Energy Conservation Act,factual_qa,National Highway Designation Act,True,train,train,"According to the passage, which law imposed the national 55 mph speed limit in 1974?",factual_qa-004,20261007,squad_v2,validation,research_agent_reviewed,squad_v2,"To help reduce consumption, in 1974 a national maximum speed limit of 55 mph (about 88 km/h) was imposed through the Emergency Highway Energy Conservation Act.",The Energy Conservation Act imposed the limit; the distractor ended it.,provided_passage,cached_squad_reference_and_passage,What is the name of the law which imposed the speed limit?,57264efddd62a815002e8135,True,,,,,,,,,,,,,
"In literature, author of the New York Times bestseller Before I Fall Lauren Oliver, Pulitzer Prize winning novelist Philip Roth, Canadian-born Pulitzer Prize and Nobel Prize for Literature winning writer Saul Bellow, political philosopher, literary critic and author of the New York Times bestseller ""The Closing of the American Mind"" Allan Bloom, ''The Good War"" author Studs Terkel, American writer, essayist, filmmaker, teacher, and political activist Susan Sontag, analytic philosopher and Stanford University Professor of Comparative Literature Richard Rorty, and American writer and satirist Kurt Vonnegut are notable alumni.",Studs Terkel,factual_qa,Philip Roth,True,train,train,"According to the passage, who wrote The Good War?",factual_qa-005,20261007,squad_v2,validation,research_agent_reviewed,squad_v2,"In literature, author of the New York Times bestseller Before I Fall Lauren Oliver, Pulitzer Prize winning novelist Philip Roth, Canadian-born Pulitzer Prize and Nobel Prize for Literature winning writer Saul Bellow, political philosopher, literary critic and author of the New York Times bestseller ""The Closing of the American Mind"" Allan Bloom, ''The Good War"" author Studs Terkel, American writer, essayist, filmmaker, teacher, and political activist Susan Sontag, analytic philosopher and Stanford University Professor of Comparative Literature Richard Rorty, and American writer and satirist Kurt Vonnegut are notable alumni.",Studs Terkel is the named author of The Good War.,provided_passage,cached_squad_reference_and_passage,"What alumni wrote ""The Good War""?",57286bf84b864d19001649d5,True,,,,,,,,,,,,,
"Advances in polynomial algebra were made by mathematicians during the Yuan era. The mathematician Zhu Shijie (1249–1314) solved simultaneous equations with up to four unknowns using a rectangular array of coefficients, equivalent to modern matrices. Zhu used a method of elimination to reduce the simultaneous equations to a single equation with only one unknown. His method is described in the Jade Mirror of the Four Unknowns, written in 1303. The opening pages contain a diagram of Pascal's triangle. The summation of a finite arithmetic series is also covered in the book.",1249,factual_qa,1259,True,test,train,"According to the passage, when was Zhu Shijie born?",factual_qa-006,20261007,squad_v2,validation,research_agent_reviewed,squad_v2,"The mathematician Zhu Shijie (1249–1314) solved simultaneous equations with up to four unknowns using a rectangular array of coefficients, equivalent to modern matrices.",Zhu Shijie's lifespan begins in1249.,provided_passage,cached_squad_reference_and_passage,When was Zhu Shijie born?,5728804b4b864d1900164a46,True,,,,,,,,,,,,,
"Oxygen gas can also be produced through electrolysis of water into molecular oxygen and hydrogen. DC electricity must be used: if AC is used, the gases in each limb consist of hydrogen and oxygen in the explosive ratio 2:1. Contrary to popular belief, the 2:1 ratio observed in the DC electrolysis of acidified water does not prove that the empirical formula of water is H2O unless certain assumptions are made about the molecular formulae of hydrogen and oxygen themselves. A similar method is the electrocatalytic O
2 evolution from oxides and oxoacids. Chemical catalysts can be used as well, such as in chemical oxygen generators or oxygen candles that are used as part of the life-support equipment on submarines, and are still part of standard equipment on commercial airliners in case of depressurization emergencies. Another air separation technology involves forcing air to dissolve through ceramic membranes based on zirconium dioxide by either high pressure or an electric current, to produce nearly pure O
2 gas.",water,factual_qa,helium,True,train,train,"According to the passage, which substance is electrolyzed to produce oxygen and hydrogen?",factual_qa-007,20261007,squad_v2,validation,research_agent_reviewed,squad_v2,Oxygen gas can also be produced through electrolysis of water into molecular oxygen and hydrogen.,"The passage specifies electrolysis of water, not helium.",provided_passage,cached_squad_reference_and_passage,Electrolysis of what can be used to produce oxygen and hydrogen?,571ccfbadd7acb1400e4c164,True,,,,,,,,,,,,,
"The views of Ali Shariati, ideologue of the Iranian Revolution, had resemblance with Mohammad Iqbal, ideological father of the State of Pakistan, but Khomeini's beliefs is perceived to be placed somewhere between beliefs of Sunni Islamic thinkers like Mawdudi and Qutb. He believed that complete imitation of the Prophet Mohammad and his successors such as Ali for restoration of Sharia law was essential to Islam, that many secular, Westernizing Muslims were actually agents of the West serving Western interests, and that the acts such as ""plundering"" of Muslim lands was part of a long-term conspiracy against Islam by the Western governments.",ideological,factual_qa,biological,False,,validation,"According to the passage, mohammad Iqbal was what type of father to the State of Pakistan?",factual_qa-008,20261007,squad_v2,validation,research_agent_reviewed,squad_v2,"The views of Ali Shariati, ideologue of the Iranian Revolution, had resemblance with Mohammad Iqbal, ideological father of the State of Pakistan, but Khomeini's beliefs is perceived to be placed somewhere between beliefs of Sunni Islamic thinkers like Mawdudi and Qutb.",Iqbal is described as ideological father.,provided_passage,cached_squad_reference_and_passage,Mohammad Iqbal was what type of father to the State of Pakistan?,5730088e947a6a140053cfad,False,,,,,,,,,,,,,
"In the fall quarter of 2014, the University of Chicago enrolled 5,792 students in the College, 3,468 students in its four graduate divisions, 5,984 students in its professional schools, and 15,244 students overall. In the 2012 Spring Quarter, international students comprised almost 19% of the overall study body, over 26% of students were domestic ethnic minorities, and about 44% of enrolled students were female. Admissions to the University of Chicago is highly selective. The middle 50% band of SAT scores for the undergraduate class of 2015, excluding the writing section, was 1420–1530, the average MCAT score for entering students in the Pritzker School of Medicine in 2011 was 36, and the median LSAT score for entering students in the Law School in 2011 was 171. In 2015, the College of the University of Chicago had an acceptance rate of 7.8% for the Class of 2019, the lowest in the college's history.",international students,factual_qa,female students,False,,train,"According to the passage, who made up 19% of the student body in the 2012 Spring Quarter?",factual_qa-009,20261007,squad_v2,validation,research_agent_reviewed,squad_v2,"In the 2012 Spring Quarter, international students comprised almost 19% of the overall study body, over 26% of students were domestic ethnic minorities, and about 44% of enrolled students were female.",International students comprise19%; female students44%.,provided_passage,cached_squad_reference_and_passage,Who made up 19% of the student body in the 2012 Spring Quarter? ,572863363acd2414000df989,False,,,,,,,,,,,,,
"Inflammation is one of the first responses of the immune system to infection. The symptoms of inflammation are redness, swelling, heat, and pain, which are caused by increased blood flow into tissue. Inflammation is produced by eicosanoids and cytokines, which are released by injured or infected cells. Eicosanoids include prostaglandins that produce fever and the dilation of blood vessels associated with inflammation, and leukotrienes that attract certain white blood cells (leukocytes). Common cytokines include interleukins that are responsible for communication between white blood cells; chemokines that promote chemotaxis; and interferons that have anti-viral effects, such as shutting down protein synthesis in the host cell. Growth factors and cytotoxic factors may also be released. These cytokines and other chemicals recruit immune cells to the site of infection and promote healing of any damaged tissue following the removal of pathogens.",Inflammation,factual_qa,photosynthesis,False,,train,"According to the passage, what is one of the first responses the immune system has to infection?",factual_qa-010,20261007,squad_v2,validation,research_agent_reviewed,squad_v2,Inflammation is one of the first responses of the immune system to infection.,Inflammation is the immune response; photosynthesis is not an immune response.,provided_passage,cached_squad_reference_and_passage,What is one of the first responses the immune system has to infection?,572900f73f37b31900477f69,False,,,,,,,,,,,,,
"All of the forces in the universe are based on four fundamental interactions. The strong and weak forces are nuclear forces that act only at very short distances, and are responsible for the interactions between subatomic particles, including nucleons and compound nuclei. The electromagnetic force acts between electric charges, and the gravitational force acts between masses. All other forces in nature derive from these four fundamental interactions. For example, friction is a manifestation of the electromagnetic force acting between the atoms of two surfaces, and the Pauli exclusion principle, which does not permit atoms to pass through each other. Similarly, the forces in springs, modeled by Hooke's law, are the result of electromagnetic forces and the Exclusion Principle acting together to return an object to its equilibrium position. Centrifugal forces are acceleration forces that arise simply from the acceleration of rotating frames of reference.:12-11:359",masses,factual_qa,electric charges,False,,test,"According to the passage, what do gravitational forces act between?",factual_qa-011,20261007,squad_v2,validation,research_agent_reviewed,squad_v2,"The electromagnetic force acts between electric charges, and the gravitational force acts between masses.",Gravity acts between masses; electric charges are assigned to electromagnetism.,provided_passage,cached_squad_reference_and_passage,What do gravitational forces act between?,5737804dc3c5551400e51f12,False,,,,,,,,,,,,,
"Like sponges and cnidarians, ctenophores have two main layers of cells that sandwich a middle layer of jelly-like material, which is called the mesoglea in cnidarians and ctenophores; more complex animals have three main cell layers and no intermediate jelly-like layer. Hence ctenophores and cnidarians have traditionally been labelled diploblastic, along with sponges. Both ctenophores and cnidarians have a type of muscle that, in more complex animals, arises from the middle cell layer, and as a result some recent text books classify ctenophores as triploblastic, while others still regard them as diploblastic.",mesoglea,factual_qa,keratin,False,,test,"According to the passage, what is the jelly-like middle material in cnidarians and ctenophores called?",factual_qa-012,20261007,squad_v2,validation,research_agent_reviewed,squad_v2,"Like sponges and cnidarians, ctenophores have two main layers of cells that sandwich a middle layer of jelly-like material, which is called the mesoglea in cnidarians and ctenophores; more complex animals have three main cell layers and no intermediate jelly-like layer.",The jelly-like material is mesoglea.,provided_passage,cached_squad_reference_and_passage,What is the jelly-like susbtance called?,572647d0708984140094c14b,False,,,,,,,,,,,,,
"Parliament typically sits Tuesdays, Wednesdays and Thursdays from early January to late June and from early September to mid December, with two-week recesses in April and October. Plenary meetings in the debating chamber usually take place on Wednesday afternoons from 2 pm to 6 pm and on Thursdays from 9:15 am to 6 pm. Chamber debates and committee meetings are open to the public. Entry is free, but booking in advance is recommended due to limited space. Meetings are broadcast on the Parliament's own channel Holyrood.tv and on the BBC's parliamentary channel BBC Parliament. Proceedings are also recorded in text form, in print and online, in the Official Report, which is the substantially verbatim transcript of parliamentary debates.",April,factual_qa,October,False,,validation,"According to the passage, which month is the first in the year Parliament takes a two week vacation?",factual_qa-013,20261007,squad_v2,validation,research_agent_reviewed,squad_v2,"Parliament typically sits Tuesdays, Wednesdays and Thursdays from early January to late June and from early September to mid December, with two-week recesses in April and October.",April is the first of the two listed recess months.,provided_passage,cached_squad_reference_and_passage,Which month is the first in the year Parliament takes a two week vacation?,572fbfa504bcaa1900d76c73,False,,,,,,,,,,,,,
"As interesting examples of expositions the most notable are: the world's first Museum of Posters boasting one of the largest collections of art posters in the world, Museum of Hunting and Riding and the Railway Museum. From among Warsaw's 60 museums, the most prestigious ones are National Museum with a collection of works whose origin ranges in time from antiquity till the present epoch as well as one of the best collections of paintings in the country including some paintings from Adolf Hitler's private collection, and Museum of the Polish Army whose set portrays the history of arms.",60,factual_qa,61,False,,validation,"According to the passage, how many museums are in Warsaw?",factual_qa-014,20261007,squad_v2,validation,research_agent_reviewed,squad_v2,"From among Warsaw's 60 museums, the most prestigious ones are National Museum with a collection of works whose origin ranges in time from antiquity till the present epoch as well as one of the best collections of paintings in the country including some paintings from Adolf Hitler's private collection, and Museum of the Polish Army whose set portrays the history of arms.",The passage counts60 museums.,provided_passage,cached_squad_reference_and_passage,How many museums are in Warsaw?,57339eb9d058e614000b5ef7,False,,,,,,,,,,,,,
"The Lower Rhine flows through North Rhine-Westphalia. Its banks are usually heavily populated and industrialized, in particular the agglomerations Cologne, Düsseldorf and Ruhr area. Here the Rhine flows through the largest conurbation in Germany, the Rhine-Ruhr region. One of the most important cities in this region is Duisburg with the largest river port in Europe (Duisport). The region downstream of Duisburg is more agricultural. In Wesel, 30 km downstream of Duisburg, is located the western end of the second east-west shipping route, the Wesel-Datteln Canal, which runs parallel to the Lippe. Between Emmerich and Cleves the Emmerich Rhine Bridge, the longest suspension bridge in Germany, crosses the 400 m wide river. Near Krefeld, the river crosses the Uerdingen line, the line which separates the areas where Low German and High German are spoken.",400 m,factual_qa,500 m,False,,train,"According to the passage, how wide is the Rhine between Emmerich and Cleves?",factual_qa-015,20261007,squad_v2,validation,research_agent_reviewed,squad_v2,"Between Emmerich and Cleves the Emmerich Rhine Bridge, the longest suspension bridge in Germany, crosses the 400 m wide river.",The stated river width is400m.,provided_passage,cached_squad_reference_and_passage,How wide is the Rhine in Germany between Emmrich and Cleves?,572f7588947a6a140053c988,False,,,,,,,,,,,,,
"In the modern industrialized world, construction usually involves the translation of designs into reality. A formal design team may be assembled to plan the physical proceedings, and to integrate those proceedings with the other parts. The design usually consists of drawings and specifications, usually prepared by a design team including Architect, civil engineers, mechanical engineers, electrical engineers, structural engineers, fire protection engineers, planning consultants, architectural consultants, and archaeological consultants. The design team is most commonly employed by (i.e. in contract with) the property owner. Under this system, once the design is completed by the design team, a number of construction companies or construction management companies may then be asked to make a bid for the work, either based directly on the design, or on the basis of drawings and a bill of quantities provided by a quantity surveyor. Following evaluation of bids, the owner typically awards a contract to the most cost efficient bidder.",designs into reality,factual_qa,reality into designs,False,,train,"According to the passage, construction involves the translation of what?",factual_qa-016,20261007,squad_v2,validation,research_agent_reviewed,squad_v2,"In the modern industrialized world, construction usually involves the translation of designs into reality.","The stated translation is designs into reality, not its reversal.",provided_passage,cached_squad_reference_and_passage,Construction involves the translation of what?,572745c6708984140094db99,False,,,,,,,,,,,,,
"The working fluid in a Rankine cycle can operate as a closed loop system, where the working fluid is recycled continuously, or may be an ""open loop"" system, where the exhaust steam is directly released to the atmosphere, and a separate source of water feeding the boiler is supplied. Normally water is the fluid of choice due to its favourable properties, such as non-toxic and unreactive chemistry, abundance, low cost, and its thermodynamic properties. Mercury is the working fluid in the mercury vapor turbine. Low boiling hydrocarbons can be used in a binary cycle.",open loop,factual_qa,closed loop,False,,train,"According to the passage, what sort of system releases the exhaust steam into the atmosphere?",factual_qa-017,20261007,squad_v2,validation,research_agent_reviewed,squad_v2,"The working fluid in a Rankine cycle can operate as a closed loop system, where the working fluid is recycled continuously, or may be an ""open loop"" system, where the exhaust steam is directly released to the atmosphere, and a separate source of water feeding the boiler is supplied.",Open-loop releases steam; closed-loop recycles fluid.,provided_passage,cached_squad_reference_and_passage,What sort of system releases the exhaust steam into the atmosphere?,57114dfb50c2381900b54a54,False,,,,,,,,,,,,,
"Several commemorative events take place every year. Gatherings of thousands of people on the banks of the Vistula on Midsummer’s Night for a festival called Wianki (Polish for Wreaths) have become a tradition and a yearly event in the programme of cultural events in Warsaw. The festival traces its roots to a peaceful pagan ritual where maidens would float their wreaths of herbs on the water to predict when they would be married, and to whom. By the 19th century this tradition had become a festive event, and it continues today. The city council organize concerts and other events. Each Midsummer’s Eve, apart from the official floating of wreaths, jumping over fires, looking for the fern flower, there are musical performances, dignitaries' speeches, fairs and fireworks by the river bank.",Midsummer’s Night,factual_qa,New Year's Eve,False,,train,"According to the passage, when is the Wianki festival held?",factual_qa-018,20261007,squad_v2,validation,research_agent_reviewed,squad_v2,Gatherings of thousands of people on the banks of the Vistula on Midsummer’s Night for a festival called Wianki (Polish for Wreaths) have become a tradition and a yearly event in the programme of cultural events in Warsaw.,Wianki is tied to Midsummer's Night/Eve.,provided_passage,cached_squad_reference_and_passage,When is the Wianki festival held?,57339dd94776f41900660ece,False,,,,,,,,,,,,,
"Reciprocating piston type steam engines remained the dominant source of power until the early 20th century, when advances in the design of electric motors and internal combustion engines gradually resulted in the replacement of reciprocating (piston) steam engines in commercial usage, and the ascendancy of steam turbines in power generation. Considering that the great majority of worldwide electric generation is produced by turbine type steam engines, the ""steam age"" is continuing with energy levels far beyond those of the turn of the 19th century.",internal combustion,factual_qa,piston steam,False,,train,"According to the passage, along with electric motors, what type of engines superseded piston steam engines?",factual_qa-019,20261007,squad_v2,validation,research_agent_reviewed,squad_v2,"Reciprocating piston type steam engines remained the dominant source of power until the early 20th century, when advances in the design of electric motors and internal combustion engines gradually resulted in the replacement of reciprocating (piston) steam engines in commercial usage, and the ascendancy of steam turbines in power generation.",Internal combustion replaced piston steam engines.,provided_passage,cached_squad_reference_and_passage,"Along with electric motors, what type of engines superseded piston steam engines?",57115ac550c2381900b54a7a,False,,,,,,,,,,,,,
"Trevithick continued his own experiments using a trio of locomotives, concluding with the Catch Me Who Can in 1808. Only four years later, the successful twin-cylinder locomotive Salamanca by Matthew Murray was used by the edge railed rack and pinion Middleton Railway. In 1825 George Stephenson built the Locomotion for the Stockton and Darlington Railway. This was the first public steam railway in the world and then in 1829, he built The Rocket which was entered in and won the Rainhill Trials. The Liverpool and Manchester Railway opened in 1830 making exclusive use of steam power for both passenger and freight trains.",Middleton Railway,factual_qa,Liverpool and Manchester Railway,False,,train,"According to the passage, on what railroad was Salamanca used?",factual_qa-020,20261007,squad_v2,validation,research_agent_reviewed,squad_v2,"Only four years later, the successful twin-cylinder locomotive Salamanca by Matthew Murray was used by the edge railed rack and pinion Middleton Railway.",Salamanca is explicitly assigned to Middleton Railway.,provided_passage,cached_squad_reference_and_passage,On what railroad was Salamanca used?,571153422419e31400955580,False,,,,,,,,,,,,,
"In the U.S. federal health care system (including the VA, the Indian Health Service, and NIH) ambulatory care pharmacists are given full independent prescribing authority. In some states such North Carolina and New Mexico these pharmacist clinicians are given collaborative prescriptive and diagnostic authority. In 2011 the board of Pharmaceutical Specialties approved ambulatory care pharmacy practice as a separate board certification. The official designation for pharmacists who pass the ambulatory care pharmacy specialty certification exam will be Board Certified Ambulatory Care Pharmacist and these pharmacists will carry the initials BCACP.",Board Certified Ambulatory Care Pharmacist,factual_qa,Board Certified Nuclear Pharmacist,False,,train,"According to the passage, what will a pharmacist who passes the ambulatory pharmacist exam be called?",factual_qa-021,20261007,squad_v2,validation,research_agent_reviewed,squad_v2,The official designation for pharmacists who pass the ambulatory care pharmacy specialty certification exam will be Board Certified Ambulatory Care Pharmacist and these pharmacists will carry the initials BCACP.,"The named certification is Ambulatory Care, not Nuclear.",provided_passage,cached_squad_reference_and_passage,What will a pharmacist who passes the ambulatory pharmacist exam be called?,5726e985dd62a815002e94dd,False,,,,,,,,,,,,,
"Other green spaces in the city include the Botanic Garden and the University Library garden. They have extensive botanical collection of rare domestic and foreign plants, while a palm house in the New Orangery displays plants of subtropics from all over the world. Besides, within the city borders, there are also: Pole Mokotowskie (a big park in the northern Mokotów, where was the first horse racetrack and then the airport), Park Ujazdowski (close to the Sejm and John Lennon street), Park of Culture and Rest in Powsin, by the southern city border, Park Skaryszewski by the right Vistula bank, in Praga. The oldest park in Praga, the Praga Park, was established in 1865–1871 and designed by Jan Dobrowolski. In 1927 a zoological garden (Ogród Zoologiczny) was established on the park grounds, and in 1952 a bear run, still open today.",Park Ujazdowski,factual_qa,Praga Park,False,,train,"According to the passage, what park is close to John Lennon street?",factual_qa-022,20261007,squad_v2,validation,research_agent_reviewed,squad_v2,"Besides, within the city borders, there are also: Pole Mokotowskie (a big park in the northern Mokotów, where was the first horse racetrack and then the airport), Park Ujazdowski (close to the Sejm and John Lennon street), Park of Culture and Rest in Powsin, by the southern city border, Park Skaryszewski by the right Vistula bank, in Praga.",Park Ujazdowski is explicitly near John Lennon street.,provided_passage,cached_squad_reference_and_passage,What park is close to John Lennon street?,573368044776f41900660a2c,False,,,,,,,,,,,,,
"Subsequent to the Conquest, however, the Marches came completely under the dominance of William's most trusted Norman barons, including Bernard de Neufmarché, Roger of Montgomery in Shropshire and Hugh Lupus in Cheshire. These Normans began a long period of slow conquest during which almost all of Wales was at some point subject to Norman interference. Norman words, such as baron (barwn), first entered Welsh at that time.",Wales,factual_qa,Norway,False,,validation,"According to the passage, what country was under the control of Norman barons?",factual_qa-023,20261007,squad_v2,validation,research_agent_reviewed,squad_v2,These Normans began a long period of slow conquest during which almost all of Wales was at some point subject to Norman interference.,The country described is Wales.,provided_passage,cached_squad_reference_and_passage,What country was under the control of Norman barons?,56de3dbacffd8e1900b4b6d2,False,,,,,,,,,,,,,
"On 18 November 2015, Sky announced Sky Q, a range of products and services to be available in 2016. The Sky Q range consists of three set top boxes (Sky Q, Sky Q Silver and Sky Q Mini), a broadband router (Sky Q Hub) and mobile applications. The Sky Q set top boxes introduce a new user interface, Wi-Fi hotspot functionality, Power-line and Bluetooth connectivity and a new touch-sensitive remote control. The Sky Q Mini set top boxes connect to the Sky Q Silver set top boxes with a Wi-Fi or Power-line connection rather than receive their own satellite feeds. This allows all set top boxes in a household to share recordings and other media. The Sky Q Silver set top box is capable of receiving and displaying UHD broadcasts, which Sky will introduce later in 2016.",Sky Q Hub,factual_qa,Sky Q Mini,False,,test,"According to the passage, what is the name of Sky Q's broadband router?",factual_qa-024,20261007,squad_v2,validation,research_agent_reviewed,squad_v2,"The Sky Q range consists of three set top boxes (Sky Q, Sky Q Silver and Sky Q Mini), a broadband router (Sky Q Hub) and mobile applications.",Sky Q Hub is the router; Mini is a set-top box.,provided_passage,cached_squad_reference_and_passage,What is the name of Sky Q's broadband router?,57096505ed30961900e84082,False,,,,,,,,,,,,,
"The first Huguenots to leave France sought freedom from persecution in Switzerland and the Netherlands.[citation needed] A group of Huguenots was part of the French colonisers who arrived in Brazil in 1555 to found France Antarctique. A couple of ships with around 500 people arrived at the Guanabara Bay, present-day Rio de Janeiro, and settled in a small island. A fort, named Fort Coligny, was built to protect them from attack from the Portuguese troops and Brazilian Native Americans. It was an attempt to establish a French colony in South America. The fort was destroyed in 1560 by the Portuguese, who captured part of the Huguenots. The Portuguese threatened the prisoners with death if they did not convert to Catholicism. The Huguenots of Guanabara, as they are now known, produced a declaration of faith to express their beliefs to the Portuguese. This was their death sentence. This document, the Guanabara Confession of Faith, became the first Protestant confession of faith in the whole of the Americas.[citation needed]",1555,factual_qa,1560,False,,test,"According to the passage, when was the French colony in modern day Brazil founded?",factual_qa-025,20261007,squad_v2,validation,research_agent_reviewed,squad_v2,The first Huguenots to leave France sought freedom from persecution in Switzerland and the Netherlands.[citation needed] A group of Huguenots was part of the French colonisers who arrived in Brazil in 1555 to found France Antarctique.,The colony began in1555;1560 is its destruction.,provided_passage,cached_squad_reference_and_passage,When was the French colony in modern day Brazil founded?,571095a8a58dae1900cd6a77,False,,,,,,,,,,,,,
"The First British Empire was based on mercantilism, and involved colonies and holdings primarily in North America, the Caribbean, and India. Its growth was reversed by the loss of the American colonies in 1776. Britain made compensating gains in India, Australia, and in constructing an informal economic empire through control of trade and finance in Latin America after the independence of Spanish and Portuguese colonies about 1820. By the 1840s, Britain had adopted a highly successful policy of free trade that gave it dominance in the trade of much of the world. After losing its first Empire to the Americans, Britain then turned its attention towards Asia, Africa, and the Pacific. Following the defeat of Napoleonic France in 1815, Britain enjoyed a century of almost unchallenged dominance and expanded its imperial holdings around the globe. Increasing degrees of internal autonomy were granted to its white settler colonies in the 20th century.",mercantilism,factual_qa,free trade,False,,train,"According to the passage, what was the first British empire based on?",factual_qa-026,20261007,squad_v2,validation,research_agent_reviewed,squad_v2,"The First British Empire was based on mercantilism, and involved colonies and holdings primarily in North America, the Caribbean, and India.",Mercantilism is the First Empire policy; free trade is later.,provided_passage,cached_squad_reference_and_passage,What was the first British empire based on?,5730b541396df919000962c2,False,,,,,,,,,,,,,
"Tamara de Lempicka was a famous artist born in Warsaw. She was born Maria Górska in Warsaw to wealthy parents and in 1916 married a Polish lawyer Tadeusz Łempicki. Better than anyone else she represented the Art Deco style in painting and art. Nathan Alterman, the Israeli poet, was born in Warsaw, as was Moshe Vilenski, the Israeli composer, lyricist, and pianist, who studied music at the Warsaw Conservatory. Warsaw was the beloved city of Isaac Bashevis Singer, which he described in many of his novels: Warsaw has just now been destroyed. No one will ever see the Warsaw I knew. Let me just write about it. Let this Warsaw not disappear forever, he commented.",1916,factual_qa,1918,False,,train,"According to the passage, when did Tamara marry a lawyer?",factual_qa-027,20261007,squad_v2,validation,research_agent_reviewed,squad_v2,She was born Maria Górska in Warsaw to wealthy parents and in 1916 married a Polish lawyer Tadeusz Łempicki.,The marriage is explicitly dated1916.,provided_passage,cached_squad_reference_and_passage,When did Tamara marry a lawyer?,5733a6ac4776f41900660f59,False,,,,,,,,,,,,,
"The Rhine-Meuse Delta is a tidal delta, shaped not only by the sedimentation of the rivers, but also by tidal currents. This meant that high tide formed a serious risk because strong tidal currents could tear huge areas of land into the sea. Before the construction of the Delta Works, tidal influence was palpable up to Nijmegen, and even today, after the regulatory action of the Delta Works, the tide acts far inland. At the Waal, for example, the most landward tidal influence can be detected between Brakel and Zaltbommel.",Zaltbommel,factual_qa,Rotterdam,False,,validation,"According to the passage, between Brakel and what other city can the most landward tidal influence be detected?",factual_qa-028,20261007,squad_v2,validation,research_agent_reviewed,squad_v2,"At the Waal, for example, the most landward tidal influence can be detected between Brakel and Zaltbommel.",Brakel and Zaltbommel are the named towns.,provided_passage,cached_squad_reference_and_passage,Between Brakel and what other city can the most landward tidal influence be detected?,572ff935b2c2fd140056869e,False,,,,,,,,,,,,,
"Long-term active memory is acquired following infection by activation of B and T cells. Active immunity can also be generated artificially, through vaccination. The principle behind vaccination (also called immunization) is to introduce an antigen from a pathogen in order to stimulate the immune system and develop specific immunity against that particular pathogen without causing disease associated with that organism. This deliberate induction of an immune response is successful because it exploits the natural specificity of the immune system, as well as its inducibility. With infectious disease remaining one of the leading causes of death in the human population, vaccination represents the most effective manipulation of the immune system mankind has developed.",vaccination,factual_qa,blood transfusion,False,,train,"According to the passage, by what process can active immunity be generated in an artificial manner?",factual_qa-029,20261007,squad_v2,validation,research_agent_reviewed,squad_v2,"Active immunity can also be generated artificially, through vaccination.",Vaccination induces the named artificial active immunity.,provided_passage,cached_squad_reference_and_passage,By what process can active immunity be generated in an artificial manner?,5729ffda1d046914007796af,False,,,,,,,,,,,,,
"As of 2010[update], there were 366,273 households out of which 11.8% were vacant. 23.9% of households had children under the age of 18 living with them, 43.8% were married couples, 15.2% had a female householder with no husband present, and 36.4% were non-families. 29.7% of all households were made up of individuals and 7.9% had someone living alone who was 65 years of age or older. The average household size was 2.55 and the average family size was 3.21. In the city, the population was spread out with 23.9% under the age of 18, 10.5% from 18 to 24, 28.5% from 25 to 44, 26.2% from 45 to 64, and 10.9% who were 65 years of age or older. The median age was 35.5 years. For every 100 females there were 94.1 males. For every 100 females age 18 and over, there were 91.3 males.",females,factual_qa,males,False,,train,"According to the passage, which gender is more populous across all groups in Jacksonville?",factual_qa-030,20261007,squad_v2,validation,research_agent_reviewed,squad_v2,For every 100 females there were 94.1 males.,The ratios report fewer males than females.,provided_passage,cached_squad_reference_and_passage,Which gender is more populous across all groups in Jacksonville?,572827fc3acd2414000df5bd,False,,,,,,,,,,,,,
"The capabilities approach – sometimes called the human development approach – looks at income inequality and poverty as form of “capability deprivation”. Unlike neoliberalism, which “defines well-being as utility maximization”, economic growth and income are considered a means to an end rather than the end itself. Its goal is to “wid[en] people’s choices and the level of their achieved well-being” through increasing functionings (the things a person values doing), capabilities (the freedom to enjoy functionings) and agency (the ability to pursue valued goals).",the end itself,factual_qa,the starting point,False,,validation,"According to the passage, in the capabilities approach, economic growth and income are considered means rather than what?",factual_qa-031,20261007,squad_v2,validation,research_agent_reviewed,squad_v2,"Unlike neoliberalism, which “defines well-being as utility maximization”, economic growth and income are considered a means to an end rather than the end itself.",Growth and income are means rather than the end itself.,provided_passage,cached_squad_reference_and_passage,"In the capabilities approach, grow and income are considered a means to an end rather than what?",572a213e6aef0514001552ef,False,,,,,,,,,,,,,
"Europe's expansion into territorial imperialism was largely focused on economic growth by collecting resources from colonies, in combination with assuming political control by military and political means. The colonization of India in the mid-18th century offers an example of this focus: there, the ""British exploited the political weakness of the Mughal state, and, while military activity was important at various times, the economic and administrative incorporation of local elites was also of crucial significance"" for the establishment of control over the subcontinent's resources, markets, and manpower. Although a substantial number of colonies had been designed to provide economic profit and to ship resources to home ports in the seventeenth and eighteenth centuries, Fieldhouse suggests that in the nineteenth and twentieth centuries in places such as Africa and Asia, this idea is not necessarily valid:",economic growth,factual_qa,resource depletion,False,,test,"According to the passage, european imperialism was focused on what?",factual_qa-032,20261007,squad_v2,validation,research_agent_reviewed,squad_v2,"Europe's expansion into territorial imperialism was largely focused on economic growth by collecting resources from colonies, in combination with assuming political control by military and political means.",The named focus is economic growth.,provided_passage,cached_squad_reference_and_passage,European imperialism was focused on what?,573098f38ab72b1400f9c5d2,False,,,,,,,,,,,,,
"Structural geologists use microscopic analysis of oriented thin sections of geologic samples to observe the fabric within the rocks which gives information about strain within the crystalline structure of the rocks. They also plot and combine measurements of geological structures in order to better understand the orientations of faults and folds in order to reconstruct the history of rock deformation in the area. In addition, they perform analog and numerical experiments of rock deformation in large and small settings.",plot and combine,factual_qa,erase and ignore,False,,validation,"According to the passage, in order to better understand the orientations of faults and folds, structural geologists do what with measurements of geological structures?",factual_qa-033,20261007,squad_v2,validation,research_agent_reviewed,squad_v2,They also plot and combine measurements of geological structures in order to better understand the orientations of faults and folds in order to reconstruct the history of rock deformation in the area.,"Measurements are plotted and combined, not erased and ignored.",provided_passage,cached_squad_reference_and_passage,"In order to better understand the orientations of faults and folds, structural geologists do what with measurements of geological structures?",57267d52708984140094c7db,False,,,,,,,,,,,,,
"Crime rate has also been shown to be correlated with inequality in society. Most studies looking into the relationship have concentrated on homicides – since homicides are almost identically defined across all nations and jurisdictions. There have been over fifty studies showing tendencies for violence to be more common in societies where income differences are larger. Research has been conducted comparing developed countries with undeveloped countries, as well as studying areas within countries. Daly et al. 2001 found that among U.S States and Canadian Provinces there is a tenfold difference in homicide rates related to inequality. They estimated that about half of all variation in homicide rates can be accounted for by differences in the amount of inequality in each province or state. Fajnzylber et al. (2002) found a similar relationship worldwide. Among comments in academic literature on the relationship between homicides and inequality are:",homicides,factual_qa,tax evasion,False,,test,"According to the passage, which crime is defined almost identically across nations and jurisdictions?",factual_qa-034,20261007,squad_v2,validation,research_agent_reviewed,squad_v2,Most studies looking into the relationship have concentrated on homicides – since homicides are almost identically defined across all nations and jurisdictions.,The passage names homicide definitions.,provided_passage,cached_squad_reference_and_passage,What is almost identical across all nations and jurisdictions?,572a0a391d046914007796e0,False,,,,,,,,,,,,,
"Even before the Norman Conquest of England, the Normans had come into contact with Wales. Edward the Confessor had set up the aforementioned Ralph as earl of Hereford and charged him with defending the Marches and warring with the Welsh. In these original ventures, the Normans failed to make any headway into Wales.",Hereford,factual_qa,Kent,False,,test,"According to the passage, where was Ralph earl of?",factual_qa-035,20261007,squad_v2,validation,research_agent_reviewed,squad_v2,Edward the Confessor had set up the aforementioned Ralph as earl of Hereford and charged him with defending the Marches and warring with the Welsh.,Ralph is explicitly made earl of Hereford.,provided_passage,cached_squad_reference_and_passage,Where was Ralph earl of?,56de3d594396321400ee26ca,False,,,,,,,,,,,,,
"There were 158,349 households, of which 68,511 (43.3%) had children under the age of 18 living in them, 69,284 (43.8%) were opposite-sex married couples living together, 30,547 (19.3%) had a female householder with no husband present, 11,698 (7.4%) had a male householder with no wife present. There were 12,843 (8.1%) unmarried opposite-sex partnerships, and 1,388 (0.9%) same-sex married couples or partnerships. 35,064 households (22.1%) were made up of individuals and 12,344 (7.8%) had someone living alone who was 65 years of age or older. The average household size was 3.07. There were 111,529 families (70.4% of all households); the average family size was 3.62.","68,511",factual_qa,"69,284",False,,train,"According to the passage, how many households had children under age 18 living in them?",factual_qa-036,20261007,squad_v2,validation,research_agent_reviewed,squad_v2,"There were 158,349 households, of which 68,511 (43.3%) had children under the age of 18 living in them, 69,284 (43.8%) were opposite-sex married couples living together, 30,547 (19.3%) had a female householder with no husband present, 11,698 (7.4%) had a male householder with no wife present.","68,511 is households with children;69,284 is married couples.",provided_passage,cached_squad_reference_and_passage,How many households has kids under the age of 18 living in them?,5725f8f5ec44d21400f3d7b1,False,,,,,,,,,,,,,
"Following the Nice Treaty, there was an attempt to reform the constitutional law of the European Union and make it more transparent; this would have also produced a single constitutional document. However, as a result of the referendum in France and the referendum in the Netherlands, the 2004 Treaty establishing a Constitution for Europe never came into force. Instead, the Lisbon Treaty was enacted. Its substance was very similar to the proposed constitutional treaty, but it was formally an amending treaty, and – though it significantly altered the existing treaties – it did not completely replace them.",an amending treaty,factual_qa,a complete replacement treaty,False,,validation,"According to the passage, what type of treaty was the Lisbon Treaty?",factual_qa-037,20261007,squad_v2,validation,research_agent_reviewed,squad_v2,"Its substance was very similar to the proposed constitutional treaty, but it was formally an amending treaty, and – though it significantly altered the existing treaties – it did not completely replace them.",Lisbon is amending and explicitly does not replace prior treaties.,provided_passage,cached_squad_reference_and_passage,What type of treaty was the Lisbon Treaty?,57264865dd62a815002e8065,False,,,,,,,,,,,,,
"Consultant pharmacy practice focuses more on medication regimen review (i.e. ""cognitive services"") than on actual dispensing of drugs. Consultant pharmacists most typically work in nursing homes, but are increasingly branching into other institutions and non-institutional settings. Traditionally consultant pharmacists were usually independent business owners, though in the United States many now work for several large pharmacy management companies (primarily Omnicare, Kindred Healthcare and PharMerica). This trend may be gradually reversing as consultant pharmacists begin to work directly with patients, primarily because many elderly people are now taking numerous medications but continue to live outside of institutional settings. Some community pharmacies employ consultant pharmacists and/or provide consulting services.",nursing homes,factual_qa,primary schools,False,,train,"According to the passage, where do a majority of consultant pharmacists tend to work?",factual_qa-038,20261007,squad_v2,validation,research_agent_reviewed,squad_v2,"Consultant pharmacists most typically work in nursing homes, but are increasingly branching into other institutions and non-institutional settings.",The named typical setting is nursing homes.,provided_passage,cached_squad_reference_and_passage,Where do a majority of consultant pharmacists tend to work?,5726ea985951b619008f8262,False,,,,,,,,,,,,,
"Germanic tribes crossed the Rhine in the Migration period, by the 5th century establishing the kingdoms of Francia on the Lower Rhine, Burgundy on the Upper Rhine and Alemannia on the High Rhine. This ""Germanic Heroic Age"" is reflected in medieval legend, such as the Nibelungenlied which tells of the hero Siegfried killing a dragon on the Drachenfels (Siebengebirge) (""dragons rock""), near Bonn at the Rhine and of the Burgundians and their court at Worms, at the Rhine and Kriemhild's golden treasure, which was thrown into the Rhine by Hagen.",Hagen,factual_qa,Siegfried,False,,test,"According to the passage, who threw gold into the Rhine, according to legend?",factual_qa-039,20261007,squad_v2,validation,research_agent_reviewed,squad_v2,"This ""Germanic Heroic Age"" is reflected in medieval legend, such as the Nibelungenlied which tells of the hero Siegfried killing a dragon on the Drachenfels (Siebengebirge) (""dragons rock""), near Bonn at the Rhine and of the Burgundians and their court at Worms, at the Rhine and Kriemhild's golden treasure, which was thrown into the Rhine by Hagen.",Hagen throws the gold; Siegfried kills the dragon.,provided_passage,cached_squad_reference_and_passage,"Who threw gold into the Rhine, according to legend?",57300911947a6a140053cfba,False,,,,,,,,,,,,,
,45,arithmetic,44,True,test,train,What is 17 plus 28?,arithmetic-000,20261007,constructed_integer_arithmetic,not_applicable,research_agent_reviewed,,,Exact addition gives 45; distractor 44 is unequal with units preserved.,,exact_integer_arithmetic,,,True,45,44,addition,,,,,,,,,,
,36,arithmetic,37,True,validation,train,What is 63 minus 27?,arithmetic-001,20261007,constructed_integer_arithmetic,not_applicable,research_agent_reviewed,,,Exact subtraction gives 36; distractor 37 is unequal with units preserved.,,exact_integer_arithmetic,,,True,36,37,subtraction,,,,,,,,,,
,56,arithmetic,55,True,train,train,What is 8 times 7?,arithmetic-002,20261007,constructed_integer_arithmetic,not_applicable,research_agent_reviewed,,,Exact multiplication gives 56; distractor 55 is unequal with units preserved.,,exact_integer_arithmetic,,,True,56,55,multiplication,,,,,,,,,,
,8,arithmetic,9,True,validation,train,What is 96 divided by 12?,arithmetic-003,20261007,constructed_integer_arithmetic,not_applicable,research_agent_reviewed,,,Exact division gives 8; distractor 9 is unequal with units preserved.,,exact_integer_arithmetic,,,True,8,9,division,,,,,,,,,,
,12,arithmetic,11,True,test,train,"If x plus 7 equals 19, what is x?",arithmetic-004,20261007,constructed_integer_arithmetic,not_applicable,research_agent_reviewed,,,Exact linear_equation gives 12; distractor 11 is unequal with units preserved.,,exact_integer_arithmetic,,,True,12,11,linear_equation,,,,,,,,,,
,17,arithmetic,18,True,train,train,"Using standard order of operations, what is 3 times 4 plus 5?",arithmetic-005,20261007,constructed_integer_arithmetic,not_applicable,research_agent_reviewed,,,Exact order_of_operations gives 17; distractor 18 is unequal with units preserved.,,exact_integer_arithmetic,,,True,17,18,order_of_operations,,,,,,,,,,
,63 square centimeters,arithmetic,62 square centimeters,True,train,train,What is the area in square centimeters of a rectangle with sides 7 and 9 centimeters?,arithmetic-006,20261007,constructed_integer_arithmetic,not_applicable,research_agent_reviewed,,,Exact rectangle_area gives 63; distractor 62 is unequal with units preserved.,,exact_integer_arithmetic,,,True,63,62,rectangle_area,,,,,,,,,,
,30,arithmetic,31,True,train,train,What is 20 percent of 150?,arithmetic-007,20261007,constructed_integer_arithmetic,not_applicable,research_agent_reviewed,,,Exact percentage gives 30; distractor 31 is unequal with units preserved.,,exact_integer_arithmetic,,,True,30,31,percentage,,,,,,,,,,
,42,arithmetic,43,False,,validation,What is 23 plus 19?,arithmetic-008,20261007,constructed_integer_arithmetic,not_applicable,research_agent_reviewed,,,Exact addition gives 42; distractor 43 is unequal with units preserved.,,exact_integer_arithmetic,,,False,42,43,addition,,,,,,,,,,
,47,arithmetic,46,False,,train,What is 81 minus 34?,arithmetic-009,20261007,constructed_integer_arithmetic,not_applicable,research_agent_reviewed,,,Exact subtraction gives 47; distractor 46 is unequal with units preserved.,,exact_integer_arithmetic,,,False,47,46,subtraction,,,,,,,,,,
,54,arithmetic,55,False,,train,What is 9 times 6?,arithmetic-010,20261007,constructed_integer_arithmetic,not_applicable,research_agent_reviewed,,,Exact multiplication gives 54; distractor 55 is unequal with units preserved.,,exact_integer_arithmetic,,,False,54,55,multiplication,,,,,,,,,,
,12,arithmetic,11,False,,test,What is 84 divided by 7?,arithmetic-011,20261007,constructed_integer_arithmetic,not_applicable,research_agent_reviewed,,,Exact division gives 12; distractor 11 is unequal with units preserved.,,exact_integer_arithmetic,,,False,12,11,division,,,,,,,,,,
,16,arithmetic,17,False,,train,"If x plus 9 equals 25, what is x?",arithmetic-012,20261007,constructed_integer_arithmetic,not_applicable,research_agent_reviewed,,,Exact linear_equation gives 16; distractor 17 is unequal with units preserved.,,exact_integer_arithmetic,,,False,16,17,linear_equation,,,,,,,,,,
,25,arithmetic,24,False,,train,"Using standard order of operations, what is 6 times 3 plus 7?",arithmetic-013,20261007,constructed_integer_arithmetic,not_applicable,research_agent_reviewed,,,Exact order_of_operations gives 25; distractor 24 is unequal with units preserved.,,exact_integer_arithmetic,,,False,25,24,order_of_operations,,,,,,,,,,
,88 square centimeters,arithmetic,89 square centimeters,False,,test,What is the area in square centimeters of a rectangle with sides 8 and 11 centimeters?,arithmetic-014,20261007,constructed_integer_arithmetic,not_applicable,research_agent_reviewed,,,Exact rectangle_area gives 88; distractor 89 is unequal with units preserved.,,exact_integer_arithmetic,,,False,88,89,rectangle_area,,,,,,,,,,
,20,arithmetic,19,False,,validation,What is 25 percent of 80?,arithmetic-015,20261007,constructed_integer_arithmetic,not_applicable,research_agent_reviewed,,,Exact percentage gives 20; distractor 19 is unequal with units preserved.,,exact_integer_arithmetic,,,False,20,19,percentage,,,,,,,,,,
,73,arithmetic,72,False,,train,What is 46 plus 27?,arithmetic-016,20261007,constructed_integer_arithmetic,not_applicable,research_agent_reviewed,,,Exact addition gives 73; distractor 72 is unequal with units preserved.,,exact_integer_arithmetic,,,False,73,72,addition,,,,,,,,,,
,46,arithmetic,47,False,,test,What is 75 minus 29?,arithmetic-017,20261007,constructed_integer_arithmetic,not_applicable,research_agent_reviewed,,,Exact subtraction gives 46; distractor 47 is unequal with units preserved.,,exact_integer_arithmetic,,,False,46,47,subtraction,,,,,,,,,,
,48,arithmetic,47,False,,train,What is 12 times 4?,arithmetic-018,20261007,constructed_integer_arithmetic,not_applicable,research_agent_reviewed,,,Exact multiplication gives 48; distractor 47 is unequal with units preserved.,,exact_integer_arithmetic,,,False,48,47,multiplication,,,,,,,,,,
,12,arithmetic,13,False,,validation,What is 108 divided by 9?,arithmetic-019,20261007,constructed_integer_arithmetic,not_applicable,research_agent_reviewed,,,Exact division gives 12; distractor 13 is unequal with units preserved.,,exact_integer_arithmetic,,,False,12,13,division,,,,,,,,,,
,19,arithmetic,18,False,,validation,"If x plus 11 equals 30, what is x?",arithmetic-020,20261007,constructed_integer_arithmetic,not_applicable,research_agent_reviewed,,,Exact linear_equation gives 19; distractor 18 is unequal with units preserved.,,exact_integer_arithmetic,,,False,19,18,linear_equation,,,,,,,,,,
,42,arithmetic,43,False,,test,"Using standard order of operations, what is 5 times 8 plus 2?",arithmetic-021,20261007,constructed_integer_arithmetic,not_applicable,research_agent_reviewed,,,Exact order_of_operations gives 42; distractor 43 is unequal with units preserved.,,exact_integer_arithmetic,,,False,42,43,order_of_operations,,,,,,,,,,
,78 square centimeters,arithmetic,77 square centimeters,False,,validation,What is the area in square centimeters of a rectangle with sides 6 and 13 centimeters?,arithmetic-022,20261007,constructed_integer_arithmetic,not_applicable,research_agent_reviewed,,,Exact rectangle_area gives 78; distractor 77 is unequal with units preserved.,,exact_integer_arithmetic,,,False,78,77,rectangle_area,,,,,,,,,,
,35,arithmetic,36,False,,train,What is 10 percent of 350?,arithmetic-023,20261007,constructed_integer_arithmetic,not_applicable,research_agent_reviewed,,,Exact percentage gives 35; distractor 36 is unequal with units preserved.,,exact_integer_arithmetic,,,False,35,36,percentage,,,,,,,,,,
,74,arithmetic,75,False,,train,What is 58 plus 16?,arithmetic-024,20261007,constructed_integer_arithmetic,not_applicable,research_agent_reviewed,,,Exact addition gives 74; distractor 75 is unequal with units preserved.,,exact_integer_arithmetic,,,False,74,75,addition,,,,,,,,,,
,56,arithmetic,55,False,,train,What is 94 minus 38?,arithmetic-025,20261007,constructed_integer_arithmetic,not_applicable,research_agent_reviewed,,,Exact subtraction gives 56; distractor 55 is unequal with units preserved.,,exact_integer_arithmetic,,,False,56,55,subtraction,,,,,,,,,,
,77,arithmetic,78,False,,validation,What is 7 times 11?,arithmetic-026,20261007,constructed_integer_arithmetic,not_applicable,research_agent_reviewed,,,Exact multiplication gives 77; distractor 78 is unequal with units preserved.,,exact_integer_arithmetic,,,False,77,78,multiplication,,,,,,,,,,
,6,arithmetic,5,False,,train,What is 90 divided by 15?,arithmetic-027,20261007,constructed_integer_arithmetic,not_applicable,research_agent_reviewed,,,Exact division gives 6; distractor 5 is unequal with units preserved.,,exact_integer_arithmetic,,,False,6,5,division,,,,,,,,,,
,17,arithmetic,18,False,,train,"If x plus 6 equals 23, what is x?",arithmetic-028,20261007,constructed_integer_arithmetic,not_applicable,research_agent_reviewed,,,Exact linear_equation gives 17; distractor 18 is unequal with units preserved.,,exact_integer_arithmetic,,,False,17,18,linear_equation,,,,,,,,,,
,37,arithmetic,36,False,,test,"Using standard order of operations, what is 7 times 4 plus 9?",arithmetic-029,20261007,constructed_integer_arithmetic,not_applicable,research_agent_reviewed,,,Exact order_of_operations gives 37; distractor 36 is unequal with units preserved.,,exact_integer_arithmetic,,,False,37,36,order_of_operations,,,,,,,,,,
,60 square centimeters,arithmetic,61 square centimeters,False,,test,What is the area in square centimeters of a rectangle with sides 12 and 5 centimeters?,arithmetic-030,20261007,constructed_integer_arithmetic,not_applicable,research_agent_reviewed,,,Exact rectangle_area gives 60; distractor 61 is unequal with units preserved.,,exact_integer_arithmetic,,,False,60,61,rectangle_area,,,,,,,,,,
,24,arithmetic,23,False,,validation,What is 40 percent of 60?,arithmetic-031,20261007,constructed_integer_arithmetic,not_applicable,research_agent_reviewed,,,Exact percentage gives 24; distractor 23 is unequal with units preserved.,,exact_integer_arithmetic,,,False,24,23,percentage,,,,,,,,,,
,79,arithmetic,78,False,,train,What is 31 plus 48?,arithmetic-032,20261007,constructed_integer_arithmetic,not_applicable,research_agent_reviewed,,,Exact addition gives 79; distractor 78 is unequal with units preserved.,,exact_integer_arithmetic,,,False,79,78,addition,,,,,,,,,,
,49,arithmetic,50,False,,test,What is 67 minus 18?,arithmetic-033,20261007,constructed_integer_arithmetic,not_applicable,research_agent_reviewed,,,Exact subtraction gives 49; distractor 50 is unequal with units preserved.,,exact_integer_arithmetic,,,False,49,50,subtraction,,,,,,,,,,
,65,arithmetic,64,False,,train,What is 13 times 5?,arithmetic-034,20261007,constructed_integer_arithmetic,not_applicable,research_agent_reviewed,,,Exact multiplication gives 65; distractor 64 is unequal with units preserved.,,exact_integer_arithmetic,,,False,65,64,multiplication,,,,,,,,,,
,12,arithmetic,13,False,,train,What is 144 divided by 12?,arithmetic-035,20261007,constructed_integer_arithmetic,not_applicable,research_agent_reviewed,,,Exact division gives 12; distractor 13 is unequal with units preserved.,,exact_integer_arithmetic,,,False,12,13,division,,,,,,,,,,
,22,arithmetic,21,False,,train,"If x plus 13 equals 35, what is x?",arithmetic-036,20261007,constructed_integer_arithmetic,not_applicable,research_agent_reviewed,,,Exact linear_equation gives 22; distractor 21 is unequal with units preserved.,,exact_integer_arithmetic,,,False,22,21,linear_equation,,,,,,,,,,
,24,arithmetic,25,False,,train,"Using standard order of operations, what is 9 times 2 plus 6?",arithmetic-037,20261007,constructed_integer_arithmetic,not_applicable,research_agent_reviewed,,,Exact order_of_operations gives 24; distractor 25 is unequal with units preserved.,,exact_integer_arithmetic,,,False,24,25,order_of_operations,,,,,,,,,,
,126 square centimeters,arithmetic,125 square centimeters,False,,validation,What is the area in square centimeters of a rectangle with sides 9 and 14 centimeters?,arithmetic-038,20261007,constructed_integer_arithmetic,not_applicable,research_agent_reviewed,,,Exact rectangle_area gives 126; distractor 125 is unequal with units preserved.,,exact_integer_arithmetic,,,False,126,125,rectangle_area,,,,,,,,,,
,15,arithmetic,16,False,,test,What is 75 percent of 20?,arithmetic-039,20261007,constructed_integer_arithmetic,not_applicable,research_agent_reviewed,,,Exact percentage gives 15; distractor 16 is unequal with units preserved.,,exact_integer_arithmetic,,,False,15,16,percentage,,,,,,,,,,
,Helium,academic,Hydrogen,True,train,train,What is the second most common element in the solar system?,academic-000,20261007,cais/mmlu,test,research_agent_reviewed,cais/mmlu,,"The keyed answer is helium; hydrogen is the most common, not second most common.",,pinned_mmlu_key_and_research_agent_audit,What is the second most common element in the solar system?,,True,,,,astronomy,3,Helium,Hydrogen,remove terminal period; quote single character as character content,74a41822ce7d3def56e1682f958469c04642a5336a5ce912fa375fdb90fb25d7,c30699e8356da336a370243923dbaf21066bb9fe,243,astronomy,1
,produce ATP,academic,make NADH,True,validation,train,What is the energy released by electrons moving through the electron transport chain used to do?,academic-001,20261007,cais/mmlu,test,research_agent_reviewed,cais/mmlu,,This energy helps produce ATP; making NADH is the incorrect choice. The original completion stem is converted without adding reasoning.,,pinned_mmlu_key_and_research_agent_audit,The energy given up by electrons as they move through the electron transport chain is used to,,True,,,,high_school_biology,2,produce ATP,make NADH,remove terminal period; quote single character as character content,74a41822ce7d3def56e1682f958469c04642a5336a5ce912fa375fdb90fb25d7,c30699e8356da336a370243923dbaf21066bb9fe,2671,high_school_biology,3
,Sb,academic,Fe,True,train,train,What is the chemical symbol for antimony?,academic-002,20261007,cais/mmlu,test,research_agent_reviewed,cais/mmlu,,Sb denotes antimony; Fe denotes iron.,,pinned_mmlu_key_and_research_agent_audit,The symbol for antimony is,,True,,,,high_school_chemistry,1,Sb,Fe,remove terminal period; quote single character as character content,74a41822ce7d3def56e1682f958469c04642a5336a5ce912fa375fdb90fb25d7,c30699e8356da336a370243923dbaf21066bb9fe,2983,high_school_chemistry,2
,demographic momentum,academic,zero population growth,True,test,train,What is continued population growth after replacement fertility has been achieved called?,academic-003,20261007,cais/mmlu,test,research_agent_reviewed,cais/mmlu,,Demographic momentum is the keyed term; zero population growth describes a different condition.,,pinned_mmlu_key_and_research_agent_audit,The tendency for a population to continue to grow long after replacement fertility has been achieved is called,,True,,,,high_school_geography,3,demographic momentum.,zero population growth.,remove terminal period; quote single character as character content,74a41822ce7d3def56e1682f958469c04642a5336a5ce912fa375fdb90fb25d7,c30699e8356da336a370243923dbaf21066bb9fe,3448,high_school_geography,0
,8,academic,3,True,train,train,Let x = 1. What is x << 3 in Python 3?,academic-004,20261007,cais/mmlu,test,research_agent_reviewed,cais/mmlu,,"A three-bit left shift gives 8, not 3.",,pinned_mmlu_key_and_research_agent_audit,Let x = 1. What is x << 3 in Python 3?,,True,,,,high_school_computer_science,2,8,3,remove terminal period; quote single character as character content,74a41822ce7d3def56e1682f958469c04642a5336a5ce912fa375fdb90fb25d7,c30699e8356da336a370243923dbaf21066bb9fe,3182,high_school_computer_science,1
,measures what it purports to measure,academic,yields consistent results on successive administrations,True,train,train,"In test construction and evaluation, what does validity refer to?",academic-005,20261007,cais/mmlu,test,research_agent_reviewed,cais/mmlu,,Validity concerns whether the test measures its intended construct; consistent repeated results describe reliability.,,pinned_mmlu_key_and_research_agent_audit,"In test construction and evaluation, validity refers to the degree to which a test",,True,,,,high_school_psychology,0,measures what it purports to measure,yields consistent results on successive administrations,remove terminal period; quote single character as character content,74a41822ce7d3def56e1682f958469c04642a5336a5ce912fa375fdb90fb25d7,c30699e8356da336a370243923dbaf21066bb9fe,4890,high_school_psychology,1
,Akitu,academic,Bast,True,test,train,What is the name of the ten-day New Year festival that celebrated Babylon's culture?,academic-006,20261007,cais/mmlu,test,research_agent_reviewed,cais/mmlu,,Akitu is the Babylonian festival; Bast is the distractor. Only spelling and punctuation are standardized.,,pinned_mmlu_key_and_research_agent_audit, What is the name of the ten day New Year festival that celebrated Babylon's culture?,,True,,,,world_religions,0,Akitu,Bast,remove terminal period; quote single character as character content,74a41822ce7d3def56e1682f958469c04642a5336a5ce912fa375fdb90fb25d7,c30699e8356da336a370243923dbaf21066bb9fe,13874,world_religions,2
,In the upper wall of the right atrium,academic,In the upper wall of the left ventricle,True,validation,train,Where is the sinoatrial node located?,academic-007,20261007,cais/mmlu,test,research_agent_reviewed,cais/mmlu,,The keyed location is the upper right atrial wall; the selected wrong location is the upper left ventricular wall.,,pinned_mmlu_key_and_research_agent_audit,Where is the sinoatrial node located?,,True,,,,anatomy,2,In the upper wall of the right atrium,In the upper wall of the left ventricle,remove terminal period; quote single character as character content,74a41822ce7d3def56e1682f958469c04642a5336a5ce912fa375fdb90fb25d7,c30699e8356da336a370243923dbaf21066bb9fe,120,anatomy,3
,Jupiter,academic,Mars,False,,train,On which planet in our solar system can you find the Great Red Spot?,academic-008,20261007,cais/mmlu,test,research_agent_reviewed,cais/mmlu,,"The Great Red Spot is on Jupiter, not Mars.",,pinned_mmlu_key_and_research_agent_audit,On which planet in our solar system can you find the Great Red Spot?,,False,,,,astronomy,2,Jupiter,Mars,remove terminal period; quote single character as character content,74a41822ce7d3def56e1682f958469c04642a5336a5ce912fa375fdb90fb25d7,c30699e8356da336a370243923dbaf21066bb9fe,250,astronomy,1
,Io,academic,Callisto,False,,train,"Of Callisto, Europa, Ganymede, and Io, which moon is closest to Jupiter?",academic-009,20261007,cais/mmlu,test,research_agent_reviewed,cais/mmlu,,The original stem explicitly names the four Galilean moons; the adapted question preserves that restriction. Io is closest; Callisto is farthest.,,pinned_mmlu_key_and_research_agent_audit,The four big moons of Jupiter are Callisto Europa Ganymede and Io. Which one of them has the smallest distance to Jupiter?,,False,,,,astronomy,3,Io,Callisto,remove terminal period; quote single character as character content,74a41822ce7d3def56e1682f958469c04642a5336a5ce912fa375fdb90fb25d7,c30699e8356da336a370243923dbaf21066bb9fe,260,astronomy,0
,The path of the Sun in the sky throughout a year,academic,The axial tilt of the Earth throughout a year,False,,train,What does the astronomical term ecliptic describe?,academic-010,20261007,cais/mmlu,test,research_agent_reviewed,cais/mmlu,,"It describes the Sun's apparent annual path across the sky, not Earth's axial tilt.",,pinned_mmlu_key_and_research_agent_audit,What does the astronomical term ecliptic describe?,,False,,,,astronomy,0,The path of the Sun in the sky throughout a year.,The axial tilt of the Earth throughout a year.,remove terminal period; quote single character as character content,74a41822ce7d3def56e1682f958469c04642a5336a5ce912fa375fdb90fb25d7,c30699e8356da336a370243923dbaf21066bb9fe,271,astronomy,1
,Hawking radiation,academic,Planck radiation,False,,test,What type of radiation causes a black hole to evaporate over time?,academic-011,20261007,cais/mmlu,test,research_agent_reviewed,cais/mmlu,,Hawking radiation is the keyed phenomenon; Planck radiation is the distractor.,,pinned_mmlu_key_and_research_agent_audit,What type of radiation causes a black hole to evaporate over time?,,False,,,,astronomy,3,Hawking radiation,Planck radiation,remove terminal period; quote single character as character content,74a41822ce7d3def56e1682f958469c04642a5336a5ce912fa375fdb90fb25d7,c30699e8356da336a370243923dbaf21066bb9fe,308,astronomy,1
,parthenogenesis,academic,meiosis,False,,train,What is the development of an egg without fertilization called?,academic-012,20261007,cais/mmlu,test,research_agent_reviewed,cais/mmlu,,"Parthenogenesis, not meiosis, denotes development without fertilization.",,pinned_mmlu_key_and_research_agent_audit,The development of an egg without fertilization is known as,,False,,,,high_school_biology,1,parthenogenesis,meiosis,remove terminal period; quote single character as character content,74a41822ce7d3def56e1682f958469c04642a5336a5ce912fa375fdb90fb25d7,c30699e8356da336a370243923dbaf21066bb9fe,2700,high_school_biology,0
,fallopian tube,academic,uterus,False,,train,Where does fertilization normally occur in humans?,academic-013,20261007,cais/mmlu,test,research_agent_reviewed,cais/mmlu,,"Normally it occurs in a fallopian tube, not in the uterus. The qualifier normally is preserved.",,pinned_mmlu_key_and_research_agent_audit,"In humans, fertilization normally occurs in the",,False,,,,high_school_biology,1,fallopian tube,uterus,remove terminal period; quote single character as character content,74a41822ce7d3def56e1682f958469c04642a5336a5ce912fa375fdb90fb25d7,c30699e8356da336a370243923dbaf21066bb9fe,2717,high_school_biology,2
,mitochondrial matrix,academic,intermembrane space,False,,train,Where does the Krebs cycle occur in humans?,academic-014,20261007,cais/mmlu,test,research_agent_reviewed,cais/mmlu,,The mitochondrial matrix is the keyed site; the intermembrane space is not.,,pinned_mmlu_key_and_research_agent_audit,The Krebs cycle in humans occurs in the,,False,,,,high_school_biology,0,mitochondrial matrix,intermembrane space,remove terminal period; quote single character as character content,74a41822ce7d3def56e1682f958469c04642a5336a5ce912fa375fdb90fb25d7,c30699e8356da336a370243923dbaf21066bb9fe,2721,high_school_biology,3
,S phase,academic,G1 phase,False,,test,During which phase of the cell cycle does the quantity of DNA in a eukaryotic cell typically double?,academic-015,20261007,cais/mmlu,test,research_agent_reviewed,cais/mmlu,,DNA replication occurs in S phase rather than G1; typically is preserved.,,pinned_mmlu_key_and_research_agent_audit,During which phase of the cell cycle does the quantity of DNA in a eukaryotic cell typically double?,,False,,,,high_school_biology,3,S,G_1,remove terminal period; quote single character as character content,74a41822ce7d3def56e1682f958469c04642a5336a5ce912fa375fdb90fb25d7,c30699e8356da336a370243923dbaf21066bb9fe,2723,high_school_biology,0
,no two electrons can pair up if there is an empty orbital at the same energy level available,academic,no two electrons can occupy separate orbitals,False,,validation,What does Hund's rule require?,academic-016,20261007,cais/mmlu,test,research_agent_reviewed,cais/mmlu,,Equal-energy orbitals are occupied singly before pairing. The chosen wrong statement forbids separate orbitals. The distractor about four quantum numbers was avoided because it states the valid Pauli principle.,,pinned_mmlu_key_and_research_agent_audit,Hund's rule requires that,,False,,,,high_school_chemistry,3,no two electrons can pair up if there is an empty orbital at the same energy level available,no two electrons can occupy separate orbitals,remove terminal period; quote single character as character content,74a41822ce7d3def56e1682f958469c04642a5336a5ce912fa375fdb90fb25d7,c30699e8356da336a370243923dbaf21066bb9fe,2986,high_school_chemistry,2
,Ag+(aq) + Br-(aq) → AgBr(s),academic,Br-(aq) + NO3-(aq) → NO3Br(aq),False,,validation,What net ionic equation results when aqueous NH4Br and AgNO3 are mixed?,academic-017,20261007,cais/mmlu,test,research_agent_reviewed,cais/mmlu,,Ag+ and Br- precipitate as AgBr; the selected nitrate-bromide reaction is the incorrect distractor.,,pinned_mmlu_key_and_research_agent_audit,The net ionic equation expected when solutions of NH4Br and AgNO3 are mixed together is,,False,,,,high_school_chemistry,0,Ag+(aq) + Br-(aq) → AgBr(s),Br-(aq) + NO3-(aq) → NO3Br(aq),remove terminal period; quote single character as character content,74a41822ce7d3def56e1682f958469c04642a5336a5ce912fa375fdb90fb25d7,c30699e8356da336a370243923dbaf21066bb9fe,2982,high_school_chemistry,2
,0.115 M,academic,0.0641 M,False,,validation,What is the molarity of a sodium hydroxide solution that requires 42.6 mL of 0.108 M HCl to neutralize 40.0 mL of the base?,academic-018,20261007,cais/mmlu,test,research_agent_reviewed,cais/mmlu,,"Independent arithmetic gives 0.108 times 42.6 divided by 40.0 = 0.11502 M, matching the keyed 0.115 M; 0.0641 M is wrong.",,pinned_mmlu_key_and_research_agent_audit,What is the molarity of a sodium hydroxide solution that requires 42.6 mL of 0.108 M HCl to neutralize 40.0 mL of the base?,,False,,,,high_school_chemistry,2,0.115 M,0.0641 M,remove terminal period; quote single character as character content,74a41822ce7d3def56e1682f958469c04642a5336a5ce912fa375fdb90fb25d7,c30699e8356da336a370243923dbaf21066bb9fe,2989,high_school_chemistry,0
,12.5% of the isotope is left,academic,25% of the isotope is left,False,,train,What fraction of an isotope remains after three half-lives?,academic-019,20261007,cais/mmlu,test,research_agent_reviewed,cais/mmlu,,"One-half cubed is one-eighth, or 12.5%; 25% would correspond to two half-lives.",,pinned_mmlu_key_and_research_agent_audit,"Three half-lives after an isotope is prepared,",,False,,,,high_school_chemistry,2,12.5% of the isotope is left,25% of the isotope is left,remove terminal period; quote single character as character content,74a41822ce7d3def56e1682f958469c04642a5336a5ce912fa375fdb90fb25d7,c30699e8356da336a370243923dbaf21066bb9fe,3000,high_school_chemistry,0
,distance decay,academic,migration selectivity,False,,validation,What is the tendency for migration to decrease with distance called?,academic-020,20261007,cais/mmlu,test,research_agent_reviewed,cais/mmlu,,Distance decay is the keyed term; migration selectivity concerns who migrates.,,pinned_mmlu_key_and_research_agent_audit,The tendency for migration to decrease with distance is called,,False,,,,high_school_geography,2,distance decay.,migration selectivity.,remove terminal period; quote single character as character content,74a41822ce7d3def56e1682f958469c04642a5336a5ce912fa375fdb90fb25d7,c30699e8356da336a370243923dbaf21066bb9fe,3449,high_school_geography,3
,hinterland,academic,range,False,,train,What is the outlying area serviced by an urban center called?,academic-021,20261007,cais/mmlu,test,research_agent_reviewed,cais/mmlu,,Hinterland denotes the area; range is a different concept. The original grammatical typo is corrected.,,pinned_mmlu_key_and_research_agent_audit,The outlying area serviced by a urban center is referred to as a,,False,,,,high_school_geography,3,hinterland.,range.,remove terminal period; quote single character as character content,74a41822ce7d3def56e1682f958469c04642a5336a5ce912fa375fdb90fb25d7,c30699e8356da336a370243923dbaf21066bb9fe,3460,high_school_geography,2
,an absolute location,academic,a relative location,False,,test,What type of location is expressed by latitude and longitude coordinates?,academic-022,20261007,cais/mmlu,test,research_agent_reviewed,cais/mmlu,,"Coordinates identify an absolute location, not a relative location.",,pinned_mmlu_key_and_research_agent_audit,The latitude and longitude coordinates of a place are an example of,,False,,,,high_school_geography,2,an absolute location.,a relative location.,remove terminal period; quote single character as character content,74a41822ce7d3def56e1682f958469c04642a5336a5ce912fa375fdb90fb25d7,c30699e8356da336a370243923dbaf21066bb9fe,3466,high_school_geography,3
,theocracy,academic,democracy,False,,train,What is a government that combines religion and government called?,academic-023,20261007,cais/mmlu,test,research_agent_reviewed,cais/mmlu,,Theocracy is the keyed classification; democracy is the chosen wrong classification.,,pinned_mmlu_key_and_research_agent_audit,"When a country combines its religion with its government, it is called a",,False,,,,high_school_geography,1,theocracy.,democracy.,remove terminal period; quote single character as character content,74a41822ce7d3def56e1682f958469c04642a5336a5ce912fa375fdb90fb25d7,c30699e8356da336a370243923dbaf21066bb9fe,3471,high_school_geography,2
,aab,academic,ab,False,,train,"What is the output of the statement ""a"" + ""ab"" in Python 3?",academic-024,20261007,cais/mmlu,test,research_agent_reviewed,cais/mmlu,,"String concatenation gives aab, not ab.",,pinned_mmlu_key_and_research_agent_audit,"What is the output of the statement ""a"" + ""ab"" in Python 3?",,False,,,,high_school_computer_science,1,aab,ab,remove terminal period; quote single character as character content,74a41822ce7d3def56e1682f958469c04642a5336a5ce912fa375fdb90fb25d7,c30699e8356da336a370243923dbaf21066bb9fe,3203,high_school_computer_science,2
,1,academic,4,False,,validation,What is the value of the Python expression 1 + 3 % 3?,academic-025,20261007,cais/mmlu,test,research_agent_reviewed,cais/mmlu,,"Modulo precedes addition: 3 modulo 3 is 0, so the result is 1 rather than 4.",,pinned_mmlu_key_and_research_agent_audit,What is the value of this python expression: 1 + 3 % 3?,,False,,,,high_school_computer_science,1,1,4,remove terminal period; quote single character as character content,74a41822ce7d3def56e1682f958469c04642a5336a5ce912fa375fdb90fb25d7,c30699e8356da336a370243923dbaf21066bb9fe,3217,high_school_computer_science,3
,4,academic,2,False,,validation,Let x = 8. What is x >> 1 in Python 3?,academic-026,20261007,cais/mmlu,test,research_agent_reviewed,cais/mmlu,,"A one-bit right shift gives 4, not 2.",,pinned_mmlu_key_and_research_agent_audit,Let x = 8. What is x>>1 in Python 3?,,False,,,,high_school_computer_science,1,4,2,remove terminal period; quote single character as character content,74a41822ce7d3def56e1682f958469c04642a5336a5ce912fa375fdb90fb25d7,c30699e8356da336a370243923dbaf21066bb9fe,3227,high_school_computer_science,2
,the character 'c',academic,the character 'a',False,,train,"What is the output of ""abc""[-1] in Python 3?",academic-027,20261007,cais/mmlu,test,research_agent_reviewed,cais/mmlu,,"Index minus one selects the final character c, not the first character a.",,pinned_mmlu_key_and_research_agent_audit,"What is the output of ""abc""[-1] in Python 3?",,False,,,,high_school_computer_science,3,c,a,remove terminal period; quote single character as character content,74a41822ce7d3def56e1682f958469c04642a5336a5ce912fa375fdb90fb25d7,c30699e8356da336a370243923dbaf21066bb9fe,3247,high_school_computer_science,1
,binocular and monocular cues,academic,proximity and similarity,False,,train,Our ability to perceive depth depends primarily on what other perceptual abilities?,academic-028,20261007,cais/mmlu,test,research_agent_reviewed,cais/mmlu,,Binocular and monocular cues are the keyed answer; proximity and similarity are the distractor. Primarily is preserved.,,pinned_mmlu_key_and_research_agent_audit,Our ability to perceive depth depends primarily on what other perceptual abilities?,,False,,,,high_school_psychology,2,binocular and monocular cues,proximity and similarity,remove terminal period; quote single character as character content,74a41822ce7d3def56e1682f958469c04642a5336a5ce912fa375fdb90fb25d7,c30699e8356da336a370243923dbaf21066bb9fe,4898,high_school_psychology,0
,social facilitation,academic,conformity,False,,test,What phenomenon is illustrated when runners increase their pace after another runner comes into view?,academic-029,20261007,cais/mmlu,test,research_agent_reviewed,cais/mmlu,,"The keyed phenomenon is social facilitation, rather than conformity. The experimental situation is retained.",,pinned_mmlu_key_and_research_agent_audit,Runners in a park were found to pick up their pace when another runner came into view; this finding illustrates the phenomenon of,,False,,,,high_school_psychology,0,social facilitation.,conformity.,remove terminal period; quote single character as character content,74a41822ce7d3def56e1682f958469c04642a5336a5ce912fa375fdb90fb25d7,c30699e8356da336a370243923dbaf21066bb9fe,4914,high_school_psychology,1
,prejudice,academic,discrimination,False,,validation,"What is an unjustifiable, usually negative attitude toward a group and its members called?",academic-030,20261007,cais/mmlu,test,research_agent_reviewed,cais/mmlu,,Prejudice denotes the attitude; discrimination refers to behavior. Usually is preserved.,,pinned_mmlu_key_and_research_agent_audit,An unjustifiable and usually negative attitude toward a group and its members is called,,False,,,,high_school_psychology,0,prejudice,discrimination,remove terminal period; quote single character as character content,74a41822ce7d3def56e1682f958469c04642a5336a5ce912fa375fdb90fb25d7,c30699e8356da336a370243923dbaf21066bb9fe,4919,high_school_psychology,3
,bitter,academic,sweet,False,,train,What taste do substances toxic to humans often have?,academic-031,20261007,cais/mmlu,test,research_agent_reviewed,cais/mmlu,,"Bitter is the keyed answer, sweet is the distractor. Often is retained so the claim does not become universal.",,pinned_mmlu_key_and_research_agent_audit,Substances that are toxic to humans often taste,,False,,,,high_school_psychology,3,bitter,sweet,remove terminal period; quote single character as character content,74a41822ce7d3def56e1682f958469c04642a5336a5ce912fa375fdb90fb25d7,c30699e8356da336a370243923dbaf21066bb9fe,4905,high_school_psychology,1
,Muhammad's miraculous ascent to heaven,academic,Muhammad's migration to Mecca,False,,validation,What is the mi'raj?,academic-032,20261007,cais/mmlu,test,research_agent_reviewed,cais/mmlu,,"The term denotes Muhammad's miraculous ascent to heaven, not migration to Mecca.",,pinned_mmlu_key_and_research_agent_audit,What is the mi'raj?,,False,,,,world_religions,0,Muhammad's miraculous ascent to heaven,Muhammad's migration to Mecca,remove terminal period; quote single character as character content,74a41822ce7d3def56e1682f958469c04642a5336a5ce912fa375fdb90fb25d7,c30699e8356da336a370243923dbaf21066bb9fe,13878,world_religions,1
,The Recitation,academic,The Narrative,False,,test,What does the term Qur'an literally mean?,academic-033,20261007,cais/mmlu,test,research_agent_reviewed,cais/mmlu,,The Recitation is the keyed literal meaning; The Narrative is the distractor.,,pinned_mmlu_key_and_research_agent_audit,"What does the term ""Qur'an"" literally mean?",,False,,,,world_religions,2,The Recitation,The Narrative,remove terminal period; quote single character as character content,74a41822ce7d3def56e1682f958469c04642a5336a5ce912fa375fdb90fb25d7,c30699e8356da336a370243923dbaf21066bb9fe,13880,world_religions,1
,Langar,academic,Gurdwara,False,,test,What is the communal meal offered at the place of worship called in Sikhism?,academic-034,20261007,cais/mmlu,test,research_agent_reviewed,cais/mmlu,,Langar names the communal meal; Gurdwara names the place of worship.,,pinned_mmlu_key_and_research_agent_audit,What is the communal meal offered at the place of worship called in Sikhism?,,False,,,,world_religions,1,Langar,Gurdwara,remove terminal period; quote single character as character content,74a41822ce7d3def56e1682f958469c04642a5336a5ce912fa375fdb90fb25d7,c30699e8356da336a370243923dbaf21066bb9fe,13883,world_religions,2
,No-self,academic,Soul,False,,test,What does the term anatman mean?,academic-035,20261007,cais/mmlu,test,research_agent_reviewed,cais/mmlu,,"No-self is the keyed meaning, contrasted with Soul.",,pinned_mmlu_key_and_research_agent_audit,What does the term anatman mean?,,False,,,,world_religions,3,No-self,Soul,remove terminal period; quote single character as character content,74a41822ce7d3def56e1682f958469c04642a5336a5ce912fa375fdb90fb25d7,c30699e8356da336a370243923dbaf21066bb9fe,13886,world_religions,1
,frontal and parietal bones,academic,parietal and occipital bones,False,,train,Which bones does the coronal suture join?,academic-036,20261007,cais/mmlu,test,research_agent_reviewed,cais/mmlu,,"It joins the frontal and parietal bones, not parietal and occipital bones.",,pinned_mmlu_key_and_research_agent_audit,The coronal suture joins the,,False,,,,anatomy,0,frontal and parietal bones.,parietal and occipital bones.,remove terminal period; quote single character as character content,74a41822ce7d3def56e1682f958469c04642a5336a5ce912fa375fdb90fb25d7,c30699e8356da336a370243923dbaf21066bb9fe,148,anatomy,2
,arachnoid and pia maters,academic,dura mater and arachnoid mater,False,,test,Between which layers does cerebrospinal fluid circulate around the brain?,academic-037,20261007,cais/mmlu,test,research_agent_reviewed,cais/mmlu,,The subarachnoid space lies between arachnoid and pia; the dura-arachnoid location is the distractor.,,pinned_mmlu_key_and_research_agent_audit,Cerebrospinal fluid circulates around the brain between the,,False,,,,anatomy,2,arachnoid and pia maters.,dura mater and arachnoid mater.,remove terminal period; quote single character as character content,74a41822ce7d3def56e1682f958469c04642a5336a5ce912fa375fdb90fb25d7,c30699e8356da336a370243923dbaf21066bb9fe,182,anatomy,1
,medulla oblongata,academic,cerebellum,False,,train,Where are the vital centres located in the brainstem?,academic-038,20261007,cais/mmlu,test,research_agent_reviewed,cais/mmlu,,The medulla oblongata is the keyed location; the cerebellum is the distractor.,,pinned_mmlu_key_and_research_agent_audit,Where are the vital centres located in the brainstem?,,False,,,,anatomy,2,medulla oblongata,cerebellum,remove terminal period; quote single character as character content,74a41822ce7d3def56e1682f958469c04642a5336a5ce912fa375fdb90fb25d7,c30699e8356da336a370243923dbaf21066bb9fe,227,anatomy,3
,sensory neuronal processes,academic,motor neuronal processes,False,,train,What kind of neuronal processes do all dorsal spinal nerve roots contain?,academic-039,20261007,cais/mmlu,test,research_agent_reviewed,cais/mmlu,,Dorsal roots contain sensory rather than motor processes. The sensory-and-autonomic distractor is avoided because it is less clear as a wrong content.,,pinned_mmlu_key_and_research_agent_audit,The dorsal roots of all spinal nerves contain,,False,,,,anatomy,0,sensory neuronal processes.,motor neuronal processes.,remove terminal period; quote single character as character content,74a41822ce7d3def56e1682f958469c04642a5336a5ce912fa375fdb90fb25d7,c30699e8356da336a370243923dbaf21066bb9fe,230,anatomy,2
